"","doubt_5per"
"1","chr10:87741156-87741269:+_-36AtoG"
"2","chr11:117163691-117163804:+_-35AtoT"
"3","chr11:46544006-46544119:-_-46AtoG"
"4","chr11:6224213-6224326:-_-22AtoG"
"5","chr12:53039551-53039664:+_-35CtoG"
"6","chr13:110651065-110651178:-_-27GtoA"
"7","chr13:42166436-42166549:+_-39AtoC"
"8","chr15:47762937-47763050:+_-30GtoA"
"9","chr17:31334759-31334872:+_-19AtoC"
"10","chr17:47828635-47828748:-_-28CtoT"
"11","chr18:13052840-13052953:+_-22GtoC"
"12","chr19:18436444-18436557:-_-16AtoT"
"13","chr19:19193860-19193973:+_-37AtoT"
"14","chr19:36103264-36103377:+_-7GtoA"
"15","chr1:180090635-180090748:+_-38AtoC"
"16","chr1:2193875-2193988:-_-26CtoA"
"17","chr1:31908925-31909038:-_-34TtoC"
"18","chr20:34093696-34093809:-_-33GtoA"
"19","chr20:58909442-58909555:+_-20GtoA"
"20","chr21:31701883-31701996:-_-28TAtoA"
"21","chr22:35293528-35293641:+_-26GtoT"
"22","chr22:37874291-37874404:+_-32CtoT"
"23","chr2:127050487-127050600:-_-28TtoG"
"24","chr2:196773118-196773231:-_-29CtoT"
"25","chr2:224503787-224503900:-_-31GtoA"
"26","chr2:97118265-97118378:+_-33GtoA"
"27","chr3:14165550-14165663:-_-25CtoG"
"28","chr3:186048825-186048938:-_-48CtoT"
"29","chr3:58108379-58108492:+_-28AtoG"
"30","chr5:172770271-172770384:-_-25AtoG"
"31","chr5:173318214-173318327:-_-53GtoC"
"32","chr6:56981632-56981745:+_-30AtoT"
"33","chr7:149166079-149166192:+_-22AtoG"
"34","chr7:150740800-150740913:+_-39GtoA"
"35","chr8:119791424-119791537:-_-24GtoT"
"36","chr8:65747768-65747881:-_-25TtoG"
